DIABETES,0,1,All
0,0.39184157075152337,0.3237982396750169,0.7156398104265402
1,0.1538591740013541,0.1305010155721056,0.2843601895734597
All,0.5457007447528774,0.45429925524712256,1.0
